rung,features_desc,observable_at,LR_R2,RF_R2,GBM_R2,LR_time_R2
T0,Content Features,Upload Time (Before Upload),0.11878994721518343,0.11150900138744435,0.12737326849060993,-1.2711011190937604
T1,Content + Channel,Upload Time (Before Upload),0.29559810255209884,0.3035565455430619,0.3240611690329337,-0.568000378686508
T2,Content + Channel + Trending Meta,Trending Time (Post-Upload),0.4281381147180128,0.5170021088206267,0.5121126674111229,-0.14376203711161195
T3,Content + Channel + Trending Meta + Engagement,Trending Time (Post-Upload),0.8408162242843025,0.8576770304862164,0.8578590726877291,0.7169908810751414
